<?xml version="1.0" encoding="UTF-8"?>
<project-private xmlns="http://www.netbeans.org/ns/project-private/1">
    <editor-bookmarks xmlns="http://www.netbeans.org/ns/editor-bookmarks/2" lastBookmarkId="0"/>
    <open-files xmlns="http://www.netbeans.org/ns/projectui-open-files/2">
        <group>
            <file>file:/C:/Users/Aswinth/Desktop/Sending%20E-mail%20using%20PIC%20and%20ESP8266/Mail%20ESP.X/ESP8266_functions.h</file>
            <file>file:/C:/Users/Aswinth/Desktop/Sending%20E-mail%20using%20PIC%20and%20ESP8266/Mail%20ESP.X/Mail%20ESP.c</file>
        </group>
    </open-files>
</project-private>
